{
  "logistic_regression": {
    "accuracy": 0.9666289592760181,
    "precision_macro": 0.9666773316269397,
    "recall_macro": 0.9666289592760181,
    "f1_macro": 0.9666280945042507,
    "confusion_matrix": [
      [
        859,
        25
      ],
      [
        34,
        850
      ]
    ],
    "report": {
      "REAL": {
        "precision": 0.961926091825308,
        "recall": 0.9717194570135747,
        "f1-score": 0.9667979741136747,
        "support": 884.0
      },
      "FAKE": {
        "precision": 0.9714285714285714,
        "recall": 0.9615384615384616,
        "f1-score": 0.9664582148948266,
        "support": 884.0
      },
      "accuracy": 0.9666289592760181,
      "macro avg": {
        "precision": 0.9666773316269397,
        "recall": 0.9666289592760181,
        "f1-score": 0.9666280945042507,
        "support": 1768.0
      },
      "weighted avg": {
        "precision": 0.9666773316269397,
        "recall": 0.9666289592760181,
        "f1-score": 0.9666280945042507,
        "support": 1768.0
      }
    }
  },
  "svm": {
    "accuracy": 0.9751131221719457,
    "precision_macro": 0.9751131221719457,
    "recall_macro": 0.9751131221719457,
    "f1_macro": 0.9751131221719457,
    "confusion_matrix": [
      [
        862,
        22
      ],
      [
        22,
        862
      ]
    ],
    "report": {
      "REAL": {
        "precision": 0.9751131221719457,
        "recall": 0.9751131221719457,
        "f1-score": 0.9751131221719457,
        "support": 884.0
      },
      "FAKE": {
        "precision": 0.9751131221719457,
        "recall": 0.9751131221719457,
        "f1-score": 0.9751131221719457,
        "support": 884.0
      },
      "accuracy": 0.9751131221719457,
      "macro avg": {
        "precision": 0.9751131221719457,
        "recall": 0.9751131221719457,
        "f1-score": 0.9751131221719457,
        "support": 1768.0
      },
      "weighted avg": {
        "precision": 0.9751131221719457,
        "recall": 0.9751131221719457,
        "f1-score": 0.9751131221719457,
        "support": 1768.0
      }
    }
  }
}